{"name":null,"assets":"aoy4:pathy36:assets%2Fmusic%2Fmusic-goes-here.txty4:sizezy4:typey4:TEXTy2:idR1goR0y31:assets%2Fimages%2Falzeimers.pngR2i12754R3y5:IMAGER5R6goR0y47:assets%2Fimages%2Fspookyscaryfloorsandwalls.pngR2i1965R3R7R5R8goR0y30:assets%2Fimages%2Fbenadryl.pngR2i2443R3R7R5R9goR0y36:assets%2Fimages%2Fimages-go-here.txtR2zR3R4R5R10goR0y36:assets%2Fsounds%2Fsounds-go-here.txtR2zR3R4R5R11goR0y34:assets%2Fdata%2Fdata-goes-here.txtR2zR3R4R5R12goR0y34:assets%2Fdata%2Falzeimersgame.ogmoR2i13154R3R4R5R13goR0y29:assets%2Fdata%2Froom-001.jsonR2i5382R3R4R5R14goR2i5794R3y5:SOUNDy9:classNamey31:__ASSET__flixel_sounds_beep_oggR5y26:flixel%2Fsounds%2Fbeep.ogggoR2i33629R3R15R16y33:__ASSET__flixel_sounds_flixel_oggR5y28:flixel%2Fsounds%2Fflixel.ogggoR2i15744R3y4:FONTR16y35:__ASSET__flixel_fonts_nokiafc22_ttfR5y30:flixel%2Ffonts%2Fnokiafc22.ttfgoR2i29724R3R21R16y36:__ASSET__flixel_fonts_monsterrat_ttfR5y31:flixel%2Ffonts%2Fmonsterrat.ttfgoR2i519R3R7R16y36:__ASSET__flixel_images_ui_button_pngR5y33:flixel%2Fimages%2Fui%2Fbutton.pnggoR2i3280R3R7R16y39:__ASSET__flixel_images_logo_default_pngR5y36:flixel%2Fimages%2Flogo%2Fdefault.pnggh","rootPath":"../","version":2,"libraryArgs":[],"libraryType":null}